{
    "info": {
        "description": "Microcontroller Detection",
        "url": "",
        "version": "1.0",
        "year": 2020,
        "contributor": "Matheus Tenorio dos Santos",
        "date_created": "2020/12/09"
    },
    "licenses": [
        {
            "url": "https://creativecommons.org/licenses/by/4.0/",
            "id": 1,
            "name": "Attribution 4.0 International (CC BY 4.0)"
        }
    ],
    "images": [
        {
            "id": 0,
            "width": 800,
            "height": 600,
            "file_name": "000.jpg",
            "license": 1,
            "date_captured": ""
        },
        {
            "id": 1,
            "width": 800,
            "height": 600,
            "file_name": "001.jpg",
            "license": 1,
            "date_captured": ""
        },
        {
            "id": 2,
            "width": 800,
            "height": 600,
            "file_name": "002.jpg",
            "license": 1,
            "date_captured": ""
        },
        {
            "id": 3,
            "width": 800,
            "height": 600,
            "file_name": "003.jpg",
            "license": 1,
            "date_captured": ""
        },
        {
            "id": 4,
            "width": 800,
            "height": 600,
            "file_name": "004.jpg",
            "license": 1,
            "date_captured": ""
        },
        {
            "id": 5,
            "width": 800,
            "height": 600,
            "file_name": "005.jpg",
            "license": 1,
            "date_captured": ""
        },
        {
            "id": 6,
            "width": 800,
            "height": 600,
            "file_name": "006.jpg",
            "license": 1,
            "date_captured": ""
        },
        {
            "id": 7,
            "width": 800,
            "height": 600,
            "file_name": "007.jpg",
            "license": 1,
            "date_captured": ""
        },
        {
            "id": 8,
            "width": 800,
            "height": 600,
            "file_name": "008.jpg",
            "license": 1,
            "date_captured": ""
        },
        {
            "id": 9,
            "width": 800,
            "height": 600,
            "file_name": "009.jpg",
            "license": 1,
            "date_captured": ""
        },
        {
            "id": 10,
            "width": 800,
            "height": 600,
            "file_name": "010.jpg",
            "license": 1,
            "date_captured": ""
        },
        {
            "id": 11,
            "width": 800,
            "height": 600,
            "file_name": "011.jpg",
            "license": 1,
            "date_captured": ""
        },
        {
            "id": 12,
            "width": 800,
            "height": 600,
            "file_name": "012.jpg",
            "license": 1,
            "date_captured": ""
        },
        {
            "id": 13,
            "width": 800,
            "height": 600,
            "file_name": "013.jpg",
            "license": 1,
            "date_captured": ""
        },
        {
            "id": 14,
            "width": 800,
            "height": 600,
            "file_name": "014.jpg",
            "license": 1,
            "date_captured": ""
        },
        {
            "id": 15,
            "width": 800,
            "height": 600,
            "file_name": "015.jpg",
            "license": 1,
            "date_captured": ""
        },
        {
            "id": 16,
            "width": 800,
            "height": 600,
            "file_name": "016.jpg",
            "license": 1,
            "date_captured": ""
        },
        {
            "id": 17,
            "width": 800,
            "height": 600,
            "file_name": "017.jpg",
            "license": 1,
            "date_captured": ""
        },
        {
            "id": 18,
            "width": 800,
            "height": 600,
            "file_name": "018.jpg",
            "license": 1,
            "date_captured": ""
        },
        {
            "id": 19,
            "width": 800,
            "height": 600,
            "file_name": "019.jpg",
            "license": 1,
            "date_captured": ""
        },
        {
            "id": 20,
            "width": 800,
            "height": 600,
            "file_name": "020.jpg",
            "license": 1,
            "date_captured": ""
        },
        {
            "id": 21,
            "width": 800,
            "height": 600,
            "file_name": "021.jpg",
            "license": 1,
            "date_captured": ""
        },
        {
            "id": 22,
            "width": 800,
            "height": 600,
            "file_name": "022.jpg",
            "license": 1,
            "date_captured": ""
        },
        {
            "id": 23,
            "width": 800,
            "height": 600,
            "file_name": "023.jpg",
            "license": 1,
            "date_captured": ""
        },
        {
            "id": 24,
            "width": 800,
            "height": 600,
            "file_name": "024.jpg",
            "license": 1,
            "date_captured": ""
        },
        {
            "id": 25,
            "width": 800,
            "height": 600,
            "file_name": "025.jpg",
            "license": 1,
            "date_captured": ""
        },
        {
            "id": 26,
            "width": 800,
            "height": 600,
            "file_name": "026.jpg",
            "license": 1,
            "date_captured": ""
        },
        {
            "id": 27,
            "width": 800,
            "height": 600,
            "file_name": "027.jpg",
            "license": 1,
            "date_captured": ""
        },
        {
            "id": 28,
            "width": 800,
            "height": 600,
            "file_name": "028.jpg",
            "license": 1,
            "date_captured": ""
        },
        {
            "id": 29,
            "width": 800,
            "height": 600,
            "file_name": "029.jpg",
            "license": 1,
            "date_captured": ""
        },
        {
            "id": 30,
            "width": 800,
            "height": 600,
            "file_name": "030.jpg",
            "license": 1,
            "date_captured": ""
        },
        {
            "id": 31,
            "width": 800,
            "height": 600,
            "file_name": "031.jpg",
            "license": 1,
            "date_captured": ""
        },
        {
            "id": 32,
            "width": 800,
            "height": 600,
            "file_name": "032.jpg",
            "license": 1,
            "date_captured": ""
        },
        {
            "id": 33,
            "width": 800,
            "height": 600,
            "file_name": "033.jpg",
            "license": 1,
            "date_captured": ""
        },
        {
            "id": 34,
            "width": 800,
            "height": 600,
            "file_name": "034.jpg",
            "license": 1,
            "date_captured": ""
        },
        {
            "id": 35,
            "width": 800,
            "height": 600,
            "file_name": "035.jpg",
            "license": 1,
            "date_captured": ""
        },
        {
            "id": 36,
            "width": 800,
            "height": 600,
            "file_name": "036.jpg",
            "license": 1,
            "date_captured": ""
        },
        {
            "id": 37,
            "width": 800,
            "height": 600,
            "file_name": "037.jpg",
            "license": 1,
            "date_captured": ""
        },
        {
            "id": 38,
            "width": 800,
            "height": 600,
            "file_name": "038.jpg",
            "license": 1,
            "date_captured": ""
        },
        {
            "id": 39,
            "width": 800,
            "height": 600,
            "file_name": "039.jpg",
            "license": 1,
            "date_captured": ""
        },
        {
            "id": 40,
            "width": 800,
            "height": 600,
            "file_name": "040.jpg",
            "license": 1,
            "date_captured": ""
        },
        {
            "id": 41,
            "width": 800,
            "height": 600,
            "file_name": "041.jpg",
            "license": 1,
            "date_captured": ""
        },
        {
            "id": 42,
            "width": 800,
            "height": 600,
            "file_name": "042.jpg",
            "license": 1,
            "date_captured": ""
        },
        {
            "id": 43,
            "width": 800,
            "height": 600,
            "file_name": "043.jpg",
            "license": 1,
            "date_captured": ""
        },
        {
            "id": 44,
            "width": 800,
            "height": 600,
            "file_name": "044.jpg",
            "license": 1,
            "date_captured": ""
        },
        {
            "id": 45,
            "width": 800,
            "height": 600,
            "file_name": "045.jpg",
            "license": 1,
            "date_captured": ""
        },
        {
            "id": 46,
            "width": 800,
            "height": 600,
            "file_name": "046.jpg",
            "license": 1,
            "date_captured": ""
        },
        {
            "id": 47,
            "width": 800,
            "height": 600,
            "file_name": "047.jpg",
            "license": 1,
            "date_captured": ""
        },
        {
            "id": 48,
            "width": 800,
            "height": 600,
            "file_name": "048.jpg",
            "license": 1,
            "date_captured": ""
        },
        {
            "id": 49,
            "width": 800,
            "height": 600,
            "file_name": "049.jpg",
            "license": 1,
            "date_captured": ""
        },
        {
            "id": 50,
            "width": 800,
            "height": 600,
            "file_name": "050.jpg",
            "license": 1,
            "date_captured": ""
        },
        {
            "id": 51,
            "width": 800,
            "height": 600,
            "file_name": "051.jpg",
            "license": 1,
            "date_captured": ""
        },
        {
            "id": 52,
            "width": 800,
            "height": 600,
            "file_name": "052.jpg",
            "license": 1,
            "date_captured": ""
        },
        {
            "id": 53,
            "width": 800,
            "height": 600,
            "file_name": "053.jpg",
            "license": 1,
            "date_captured": ""
        },
        {
            "id": 54,
            "width": 800,
            "height": 600,
            "file_name": "054.jpg",
            "license": 1,
            "date_captured": ""
        },
        {
            "id": 55,
            "width": 800,
            "height": 600,
            "file_name": "055.jpg",
            "license": 1,
            "date_captured": ""
        },
        {
            "id": 56,
            "width": 800,
            "height": 600,
            "file_name": "056.jpg",
            "license": 1,
            "date_captured": ""
        },
        {
            "id": 57,
            "width": 800,
            "height": 600,
            "file_name": "057.jpg",
            "license": 1,
            "date_captured": ""
        },
        {
            "id": 58,
            "width": 800,
            "height": 600,
            "file_name": "058.jpg",
            "license": 1,
            "date_captured": ""
        },
        {
            "id": 59,
            "width": 800,
            "height": 600,
            "file_name": "059.jpg",
            "license": 1,
            "date_captured": ""
        },
        {
            "id": 60,
            "width": 800,
            "height": 600,
            "file_name": "060.jpg",
            "license": 1,
            "date_captured": ""
        },
        {
            "id": 61,
            "width": 800,
            "height": 600,
            "file_name": "061.jpg",
            "license": 1,
            "date_captured": ""
        },
        {
            "id": 62,
            "width": 800,
            "height": 600,
            "file_name": "062.jpg",
            "license": 1,
            "date_captured": ""
        },
        {
            "id": 63,
            "width": 800,
            "height": 600,
            "file_name": "063.jpg",
            "license": 1,
            "date_captured": ""
        },
        {
            "id": 64,
            "width": 800,
            "height": 600,
            "file_name": "064.jpg",
            "license": 1,
            "date_captured": ""
        },
        {
            "id": 65,
            "width": 800,
            "height": 600,
            "file_name": "065.jpg",
            "license": 1,
            "date_captured": ""
        },
        {
            "id": 66,
            "width": 800,
            "height": 600,
            "file_name": "066.jpg",
            "license": 1,
            "date_captured": ""
        },
        {
            "id": 67,
            "width": 800,
            "height": 600,
            "file_name": "067.jpg",
            "license": 1,
            "date_captured": ""
        },
        {
            "id": 68,
            "width": 800,
            "height": 600,
            "file_name": "068.jpg",
            "license": 1,
            "date_captured": ""
        },
        {
            "id": 69,
            "width": 800,
            "height": 600,
            "file_name": "069.jpg",
            "license": 1,
            "date_captured": ""
        },
        {
            "id": 70,
            "width": 800,
            "height": 600,
            "file_name": "070.jpg",
            "license": 1,
            "date_captured": ""
        },
        {
            "id": 71,
            "width": 800,
            "height": 600,
            "file_name": "071.jpg",
            "license": 1,
            "date_captured": ""
        },
        {
            "id": 72,
            "width": 800,
            "height": 600,
            "file_name": "072.jpg",
            "license": 1,
            "date_captured": ""
        },
        {
            "id": 73,
            "width": 800,
            "height": 600,
            "file_name": "073.jpg",
            "license": 1,
            "date_captured": ""
        },
        {
            "id": 74,
            "width": 800,
            "height": 600,
            "file_name": "074.jpg",
            "license": 1,
            "date_captured": ""
        },
        {
            "id": 75,
            "width": 800,
            "height": 600,
            "file_name": "075.jpg",
            "license": 1,
            "date_captured": ""
        },
        {
            "id": 76,
            "width": 800,
            "height": 600,
            "file_name": "076.jpg",
            "license": 1,
            "date_captured": ""
        },
        {
            "id": 77,
            "width": 800,
            "height": 600,
            "file_name": "077.jpg",
            "license": 1,
            "date_captured": ""
        },
        {
            "id": 78,
            "width": 800,
            "height": 600,
            "file_name": "078.jpg",
            "license": 1,
            "date_captured": ""
        },
        {
            "id": 79,
            "width": 800,
            "height": 600,
            "file_name": "079.jpg",
            "license": 1,
            "date_captured": ""
        },
        {
            "id": 80,
            "width": 800,
            "height": 600,
            "file_name": "080.jpg",
            "license": 1,
            "date_captured": ""
        },
        {
            "id": 81,
            "width": 800,
            "height": 600,
            "file_name": "081.jpg",
            "license": 1,
            "date_captured": ""
        },
        {
            "id": 82,
            "width": 800,
            "height": 600,
            "file_name": "082.jpg",
            "license": 1,
            "date_captured": ""
        },
        {
            "id": 83,
            "width": 800,
            "height": 600,
            "file_name": "083.jpg",
            "license": 1,
            "date_captured": ""
        },
        {
            "id": 84,
            "width": 800,
            "height": 600,
            "file_name": "084.jpg",
            "license": 1,
            "date_captured": ""
        },
        {
            "id": 85,
            "width": 800,
            "height": 600,
            "file_name": "085.jpg",
            "license": 1,
            "date_captured": ""
        },
        {
            "id": 86,
            "width": 800,
            "height": 600,
            "file_name": "086.jpg",
            "license": 1,
            "date_captured": ""
        },
        {
            "id": 87,
            "width": 800,
            "height": 600,
            "file_name": "087.jpg",
            "license": 1,
            "date_captured": ""
        },
        {
            "id": 88,
            "width": 800,
            "height": 600,
            "file_name": "088.jpg",
            "license": 1,
            "date_captured": ""
        },
        {
            "id": 89,
            "width": 800,
            "height": 600,
            "file_name": "089.jpg",
            "license": 1,
            "date_captured": ""
        },
        {
            "id": 90,
            "width": 800,
            "height": 600,
            "file_name": "090.jpg",
            "license": 1,
            "date_captured": ""
        },
        {
            "id": 91,
            "width": 800,
            "height": 600,
            "file_name": "091.jpg",
            "license": 1,
            "date_captured": ""
        },
        {
            "id": 92,
            "width": 800,
            "height": 600,
            "file_name": "092.jpg",
            "license": 1,
            "date_captured": ""
        },
        {
            "id": 93,
            "width": 800,
            "height": 600,
            "file_name": "093.jpg",
            "license": 1,
            "date_captured": ""
        },
        {
            "id": 94,
            "width": 800,
            "height": 600,
            "file_name": "094.jpg",
            "license": 1,
            "date_captured": ""
        },
        {
            "id": 95,
            "width": 800,
            "height": 600,
            "file_name": "095.jpg",
            "license": 1,
            "date_captured": ""
        },
        {
            "id": 96,
            "width": 800,
            "height": 600,
            "file_name": "096.jpg",
            "license": 1,
            "date_captured": ""
        },
        {
            "id": 97,
            "width": 800,
            "height": 600,
            "file_name": "097.jpg",
            "license": 1,
            "date_captured": ""
        },
        {
            "id": 98,
            "width": 800,
            "height": 600,
            "file_name": "098.jpg",
            "license": 1,
            "date_captured": ""
        },
        {
            "id": 99,
            "width": 800,
            "height": 600,
            "file_name": "099.jpg",
            "license": 1,
            "date_captured": ""
        },
        {
            "id": 100,
            "width": 800,
            "height": 600,
            "file_name": "100.jpg",
            "license": 1,
            "date_captured": ""
        },
        {
            "id": 101,
            "width": 800,
            "height": 600,
            "file_name": "101.jpg",
            "license": 1,
            "date_captured": ""
        },
        {
            "id": 102,
            "width": 800,
            "height": 600,
            "file_name": "102.jpg",
            "license": 1,
            "date_captured": ""
        },
        {
            "id": 103,
            "width": 800,
            "height": 600,
            "file_name": "103.jpg",
            "license": 1,
            "date_captured": ""
        },
        {
            "id": 104,
            "width": 800,
            "height": 600,
            "file_name": "104.jpg",
            "license": 1,
            "date_captured": ""
        },
        {
            "id": 105,
            "width": 800,
            "height": 600,
            "file_name": "105.jpg",
            "license": 1,
            "date_captured": ""
        },
        {
            "id": 106,
            "width": 800,
            "height": 600,
            "file_name": "106.jpg",
            "license": 1,
            "date_captured": ""
        },
        {
            "id": 107,
            "width": 800,
            "height": 600,
            "file_name": "107.jpg",
            "license": 1,
            "date_captured": ""
        },
        {
            "id": 108,
            "width": 800,
            "height": 600,
            "file_name": "108.jpg",
            "license": 1,
            "date_captured": ""
        },
        {
            "id": 109,
            "width": 800,
            "height": 600,
            "file_name": "109.jpg",
            "license": 1,
            "date_captured": ""
        },
        {
            "id": 110,
            "width": 800,
            "height": 600,
            "file_name": "110.jpg",
            "license": 1,
            "date_captured": ""
        },
        {
            "id": 111,
            "width": 800,
            "height": 600,
            "file_name": "111.jpg",
            "license": 1,
            "date_captured": ""
        },
        {
            "id": 112,
            "width": 800,
            "height": 600,
            "file_name": "112.jpg",
            "license": 1,
            "date_captured": ""
        },
        {
            "id": 113,
            "width": 800,
            "height": 600,
            "file_name": "113.jpg",
            "license": 1,
            "date_captured": ""
        },
        {
            "id": 114,
            "width": 800,
            "height": 600,
            "file_name": "114.jpg",
            "license": 1,
            "date_captured": ""
        },
        {
            "id": 115,
            "width": 800,
            "height": 600,
            "file_name": "115.jpg",
            "license": 1,
            "date_captured": ""
        },
        {
            "id": 116,
            "width": 800,
            "height": 600,
            "file_name": "116.jpg",
            "license": 1,
            "date_captured": ""
        },
        {
            "id": 117,
            "width": 800,
            "height": 600,
            "file_name": "117.jpg",
            "license": 1,
            "date_captured": ""
        },
        {
            "id": 118,
            "width": 800,
            "height": 600,
            "file_name": "118.jpg",
            "license": 1,
            "date_captured": ""
        },
        {
            "id": 119,
            "width": 800,
            "height": 600,
            "file_name": "119.jpg",
            "license": 1,
            "date_captured": ""
        },
        {
            "id": 120,
            "width": 800,
            "height": 600,
            "file_name": "120.jpg",
            "license": 1,
            "date_captured": ""
        },
        {
            "id": 121,
            "width": 800,
            "height": 600,
            "file_name": "121.jpg",
            "license": 1,
            "date_captured": ""
        },
        {
            "id": 122,
            "width": 800,
            "height": 600,
            "file_name": "122.jpg",
            "license": 1,
            "date_captured": ""
        },
        {
            "id": 123,
            "width": 800,
            "height": 600,
            "file_name": "123.jpg",
            "license": 1,
            "date_captured": ""
        },
        {
            "id": 124,
            "width": 800,
            "height": 600,
            "file_name": "124.jpg",
            "license": 1,
            "date_captured": ""
        },
        {
            "id": 125,
            "width": 800,
            "height": 600,
            "file_name": "125.jpg",
            "license": 1,
            "date_captured": ""
        },
        {
            "id": 126,
            "width": 800,
            "height": 600,
            "file_name": "126.jpg",
            "license": 1,
            "date_captured": ""
        },
        {
            "id": 127,
            "width": 800,
            "height": 600,
            "file_name": "127.jpg",
            "license": 1,
            "date_captured": ""
        },
        {
            "id": 128,
            "width": 800,
            "height": 600,
            "file_name": "128.jpg",
            "license": 1,
            "date_captured": ""
        },
        {
            "id": 129,
            "width": 800,
            "height": 600,
            "file_name": "129.jpg",
            "license": 1,
            "date_captured": ""
        },
        {
            "id": 130,
            "width": 800,
            "height": 600,
            "file_name": "130.jpg",
            "license": 1,
            "date_captured": ""
        },
        {
            "id": 131,
            "width": 800,
            "height": 600,
            "file_name": "131.jpg",
            "license": 1,
            "date_captured": ""
        },
        {
            "id": 132,
            "width": 800,
            "height": 600,
            "file_name": "132.jpg",
            "license": 1,
            "date_captured": ""
        },
        {
            "id": 133,
            "width": 800,
            "height": 600,
            "file_name": "133.jpg",
            "license": 1,
            "date_captured": ""
        }
    ],
    "annotations": [
        {
            "id": 0,
            "image_id": 0,
            "segmentation": [],
            "area": 0.0,
            "iscrowd": 0,
            "category_id": 0,
            "bbox": [
                317.0,
                265.0,
                239.0,
                77.0
            ]
        },
        {
            "id": 1,
            "image_id": 1,
            "segmentation": [],
            "area": 0.0,
            "iscrowd": 0,
            "category_id": 1,
            "bbox": [
                290.0,
                239.0,
                224.0,
                148.0
            ]
        },
        {
            "id": 2,
            "image_id": 2,
            "segmentation": [],
            "area": 0.0,
            "iscrowd": 0,
            "category_id": 2,
            "bbox": [
                194.0,
                200.0,
                475.0,
                331.0
            ]
        },
        {
            "id": 3,
            "image_id": 3,
            "segmentation": [],
            "area": 0.0,
            "iscrowd": 0,
            "category_id": 0,
            "bbox": [
                383.0,
                336.0,
                208.0,
                108.0
            ]
        },
        {
            "id": 4,
            "image_id": 4,
            "segmentation": [],
            "area": 0.0,
            "iscrowd": 0,
            "category_id": 1,
            "bbox": [
                332.0,
                259.0,
                206.0,
                98.0
            ]
        },
        {
            "id": 5,
            "image_id": 5,
            "segmentation": [],
            "area": 0.0,
            "iscrowd": 0,
            "category_id": 1,
            "bbox": [
                240.0,
                307.0,
                179.0,
                104.0
            ]
        },
        {
            "id": 6,
            "image_id": 6,
            "segmentation": [],
            "area": 0.0,
            "iscrowd": 0,
            "category_id": 2,
            "bbox": [
                324.0,
                151.0,
                250.0,
                240.0
            ]
        },
        {
            "id": 7,
            "image_id": 7,
            "segmentation": [],
            "area": 0.0,
            "iscrowd": 0,
            "category_id": 1,
            "bbox": [
                383.0,
                226.0,
                128.0,
                104.0
            ]
        },
        {
            "id": 8,
            "image_id": 8,
            "segmentation": [],
            "area": 0.0,
            "iscrowd": 0,
            "category_id": 2,
            "bbox": [
                193.0,
                190.0,
                439.0,
                273.0
            ]
        },
        {
            "id": 9,
            "image_id": 9,
            "segmentation": [],
            "area": 0.0,
            "iscrowd": 0,
            "category_id": 0,
            "bbox": [
                333.0,
                277.0,
                113.0,
                100.0
            ]
        },
        {
            "id": 10,
            "image_id": 10,
            "segmentation": [],
            "area": 0.0,
            "iscrowd": 0,
            "category_id": 3,
            "bbox": [
                369.0,
                297.0,
                147.0,
                87.0
            ]
        },
        {
            "id": 11,
            "image_id": 11,
            "segmentation": [],
            "area": 0.0,
            "iscrowd": 0,
            "category_id": 2,
            "bbox": [
                332.0,
                274.0,
                177.0,
                127.0
            ]
        },
        {
            "id": 12,
            "image_id": 12,
            "segmentation": [],
            "area": 0.0,
            "iscrowd": 0,
            "category_id": 1,
            "bbox": [
                398.0,
                276.0,
                156.0,
                116.0
            ]
        },
        {
            "id": 13,
            "image_id": 13,
            "segmentation": [],
            "area": 0.0,
            "iscrowd": 0,
            "category_id": 3,
            "bbox": [
                389.0,
                271.0,
                154.0,
                127.0
            ]
        },
        {
            "id": 14,
            "image_id": 14,
            "segmentation": [],
            "area": 0.0,
            "iscrowd": 0,
            "category_id": 0,
            "bbox": [
                364.0,
                255.0,
                113.0,
                82.0
            ]
        },
        {
            "id": 15,
            "image_id": 15,
            "segmentation": [],
            "area": 0.0,
            "iscrowd": 0,
            "category_id": 3,
            "bbox": [
                293.0,
                325.0,
                96.0,
                131.0
            ]
        },
        {
            "id": 16,
            "image_id": 16,
            "segmentation": [],
            "area": 0.0,
            "iscrowd": 0,
            "category_id": 2,
            "bbox": [
                381.0,
                196.0,
                207.0,
                138.0
            ]
        },
        {
            "id": 17,
            "image_id": 17,
            "segmentation": [],
            "area": 0.0,
            "iscrowd": 0,
            "category_id": 0,
            "bbox": [
                551.0,
                228.0,
                92.0,
                95.0
            ]
        },
        {
            "id": 18,
            "image_id": 18,
            "segmentation": [],
            "area": 0.0,
            "iscrowd": 0,
            "category_id": 0,
            "bbox": [
                492.0,
                207.0,
                86.0,
                118.0
            ]
        },
        {
            "id": 19,
            "image_id": 19,
            "segmentation": [],
            "area": 0.0,
            "iscrowd": 0,
            "category_id": 2,
            "bbox": [
                394.0,
                175.0,
                206.0,
                238.0
            ]
        },
        {
            "id": 20,
            "image_id": 20,
            "segmentation": [],
            "area": 0.0,
            "iscrowd": 0,
            "category_id": 3,
            "bbox": [
                439.0,
                222.0,
                154.0,
                103.0
            ]
        },
        {
            "id": 21,
            "image_id": 21,
            "segmentation": [],
            "area": 0.0,
            "iscrowd": 0,
            "category_id": 1,
            "bbox": [
                414.0,
                261.0,
                141.0,
                91.0
            ]
        },
        {
            "id": 22,
            "image_id": 22,
            "segmentation": [],
            "area": 0.0,
            "iscrowd": 0,
            "category_id": 0,
            "bbox": [
                425.0,
                266.0,
                131.0,
                86.0
            ]
        },
        {
            "id": 23,
            "image_id": 23,
            "segmentation": [],
            "area": 0.0,
            "iscrowd": 0,
            "category_id": 2,
            "bbox": [
                257.0,
                188.0,
                255.0,
                105.0
            ]
        },
        {
            "id": 24,
            "image_id": 24,
            "segmentation": [],
            "area": 0.0,
            "iscrowd": 0,
            "category_id": 3,
            "bbox": [
                390.0,
                203.0,
                114.0,
                97.0
            ]
        },
        {
            "id": 25,
            "image_id": 25,
            "segmentation": [],
            "area": 0.0,
            "iscrowd": 0,
            "category_id": 1,
            "bbox": [
                278.0,
                206.0,
                110.0,
                95.0
            ]
        },
        {
            "id": 26,
            "image_id": 26,
            "segmentation": [],
            "area": 0.0,
            "iscrowd": 0,
            "category_id": 2,
            "bbox": [
                89.0,
                97.0,
                632.0,
                441.0
            ]
        },
        {
            "id": 27,
            "image_id": 27,
            "segmentation": [],
            "area": 0.0,
            "iscrowd": 0,
            "category_id": 1,
            "bbox": [
                280.0,
                191.0,
                395.0,
                191.0
            ]
        },
        {
            "id": 28,
            "image_id": 28,
            "segmentation": [],
            "area": 0.0,
            "iscrowd": 0,
            "category_id": 3,
            "bbox": [
                203.0,
                210.0,
                358.0,
                191.0
            ]
        },
        {
            "id": 29,
            "image_id": 29,
            "segmentation": [],
            "area": 0.0,
            "iscrowd": 0,
            "category_id": 0,
            "bbox": [
                254.0,
                229.0,
                229.0,
                166.0
            ]
        },
        {
            "id": 30,
            "image_id": 30,
            "segmentation": [],
            "area": 0.0,
            "iscrowd": 0,
            "category_id": 2,
            "bbox": [
                328.0,
                46.0,
                323.0,
                317.0
            ]
        },
        {
            "id": 31,
            "image_id": 31,
            "segmentation": [],
            "area": 0.0,
            "iscrowd": 0,
            "category_id": 3,
            "bbox": [
                337.0,
                217.0,
                187.0,
                113.0
            ]
        },
        {
            "id": 32,
            "image_id": 32,
            "segmentation": [],
            "area": 0.0,
            "iscrowd": 0,
            "category_id": 1,
            "bbox": [
                370.0,
                156.0,
                201.0,
                144.0
            ]
        },
        {
            "id": 33,
            "image_id": 33,
            "segmentation": [],
            "area": 0.0,
            "iscrowd": 0,
            "category_id": 0,
            "bbox": [
                378.0,
                268.0,
                170.0,
                125.0
            ]
        },
        {
            "id": 34,
            "image_id": 34,
            "segmentation": [],
            "area": 0.0,
            "iscrowd": 0,
            "category_id": 2,
            "bbox": [
                267.0,
                150.0,
                345.0,
                222.0
            ]
        },
        {
            "id": 35,
            "image_id": 35,
            "segmentation": [],
            "area": 0.0,
            "iscrowd": 0,
            "category_id": 1,
            "bbox": [
                316.0,
                222.0,
                260.0,
                146.0
            ]
        },
        {
            "id": 36,
            "image_id": 36,
            "segmentation": [],
            "area": 0.0,
            "iscrowd": 0,
            "category_id": 0,
            "bbox": [
                299.0,
                189.0,
                288.0,
                176.0
            ]
        },
        {
            "id": 37,
            "image_id": 37,
            "segmentation": [],
            "area": 0.0,
            "iscrowd": 0,
            "category_id": 3,
            "bbox": [
                239.0,
                227.0,
                321.0,
                228.0
            ]
        },
        {
            "id": 38,
            "image_id": 38,
            "segmentation": [],
            "area": 0.0,
            "iscrowd": 0,
            "category_id": 3,
            "bbox": [
                240.0,
                130.0,
                350.0,
                199.0
            ]
        },
        {
            "id": 39,
            "image_id": 39,
            "segmentation": [],
            "area": 0.0,
            "iscrowd": 0,
            "category_id": 1,
            "bbox": [
                373.0,
                247.0,
                307.0,
                179.0
            ]
        },
        {
            "id": 40,
            "image_id": 40,
            "segmentation": [],
            "area": 0.0,
            "iscrowd": 0,
            "category_id": 3,
            "bbox": [
                298.0,
                121.0,
                334.0,
                265.0
            ]
        },
        {
            "id": 41,
            "image_id": 41,
            "segmentation": [],
            "area": 0.0,
            "iscrowd": 0,
            "category_id": 1,
            "bbox": [
                375.0,
                240.0,
                323.0,
                259.0
            ]
        },
        {
            "id": 42,
            "image_id": 42,
            "segmentation": [],
            "area": 0.0,
            "iscrowd": 0,
            "category_id": 0,
            "bbox": [
                322.0,
                193.0,
                284.0,
                170.0
            ]
        },
        {
            "id": 43,
            "image_id": 43,
            "segmentation": [],
            "area": 0.0,
            "iscrowd": 0,
            "category_id": 2,
            "bbox": [
                92.0,
                39.0,
                503.0,
                532.0
            ]
        },
        {
            "id": 44,
            "image_id": 44,
            "segmentation": [],
            "area": 0.0,
            "iscrowd": 0,
            "category_id": 3,
            "bbox": [
                269.0,
                186.0,
                205.0,
                107.0
            ]
        },
        {
            "id": 45,
            "image_id": 45,
            "segmentation": [],
            "area": 0.0,
            "iscrowd": 0,
            "category_id": 2,
            "bbox": [
                110.0,
                66.0,
                363.0,
                477.0
            ]
        },
        {
            "id": 46,
            "image_id": 46,
            "segmentation": [],
            "area": 0.0,
            "iscrowd": 0,
            "category_id": 1,
            "bbox": [
                271.0,
                351.0,
                134.0,
                68.0
            ]
        },
        {
            "id": 47,
            "image_id": 47,
            "segmentation": [],
            "area": 0.0,
            "iscrowd": 0,
            "category_id": 0,
            "bbox": [
                393.0,
                342.0,
                116.0,
                69.0
            ]
        },
        {
            "id": 48,
            "image_id": 48,
            "segmentation": [],
            "area": 0.0,
            "iscrowd": 0,
            "category_id": 3,
            "bbox": [
                274.0,
                196.0,
                243.0,
                170.0
            ]
        },
        {
            "id": 49,
            "image_id": 49,
            "segmentation": [],
            "area": 0.0,
            "iscrowd": 0,
            "category_id": 0,
            "bbox": [
                159.0,
                209.0,
                337.0,
                235.0
            ]
        },
        {
            "id": 50,
            "image_id": 50,
            "segmentation": [],
            "area": 0.0,
            "iscrowd": 0,
            "category_id": 2,
            "bbox": [
                100.0,
                129.0,
                490.0,
                382.0
            ]
        },
        {
            "id": 51,
            "image_id": 51,
            "segmentation": [],
            "area": 0.0,
            "iscrowd": 0,
            "category_id": 1,
            "bbox": [
                216.0,
                162.0,
                297.0,
                309.0
            ]
        },
        {
            "id": 52,
            "image_id": 52,
            "segmentation": [],
            "area": 0.0,
            "iscrowd": 0,
            "category_id": 2,
            "bbox": [
                186.0,
                121.0,
                363.0,
                245.0
            ]
        },
        {
            "id": 53,
            "image_id": 53,
            "segmentation": [],
            "area": 0.0,
            "iscrowd": 0,
            "category_id": 1,
            "bbox": [
                308.0,
                160.0,
                245.0,
                218.0
            ]
        },
        {
            "id": 54,
            "image_id": 54,
            "segmentation": [],
            "area": 0.0,
            "iscrowd": 0,
            "category_id": 3,
            "bbox": [
                315.0,
                221.0,
                245.0,
                179.0
            ]
        },
        {
            "id": 55,
            "image_id": 55,
            "segmentation": [],
            "area": 0.0,
            "iscrowd": 0,
            "category_id": 2,
            "bbox": [
                1.0,
                45.0,
                772.0,
                534.0
            ]
        },
        {
            "id": 56,
            "image_id": 56,
            "segmentation": [],
            "area": 0.0,
            "iscrowd": 0,
            "category_id": 1,
            "bbox": [
                138.0,
                148.0,
                352.0,
                308.0
            ]
        },
        {
            "id": 57,
            "image_id": 57,
            "segmentation": [],
            "area": 0.0,
            "iscrowd": 0,
            "category_id": 3,
            "bbox": [
                351.0,
                321.0,
                335.0,
                164.0
            ]
        },
        {
            "id": 58,
            "image_id": 58,
            "segmentation": [],
            "area": 0.0,
            "iscrowd": 0,
            "category_id": 0,
            "bbox": [
                363.0,
                147.0,
                122.0,
                150.0
            ]
        },
        {
            "id": 59,
            "image_id": 59,
            "segmentation": [],
            "area": 0.0,
            "iscrowd": 0,
            "category_id": 0,
            "bbox": [
                358.0,
                176.0,
                301.0,
                128.0
            ]
        },
        {
            "id": 60,
            "image_id": 59,
            "segmentation": [],
            "area": 0.0,
            "iscrowd": 0,
            "category_id": 3,
            "bbox": [
                343.0,
                349.0,
                344.0,
                125.0
            ]
        },
        {
            "id": 61,
            "image_id": 60,
            "segmentation": [],
            "area": 0.0,
            "iscrowd": 0,
            "category_id": 0,
            "bbox": [
                123.0,
                241.0,
                252.0,
                85.0
            ]
        },
        {
            "id": 62,
            "image_id": 60,
            "segmentation": [],
            "area": 0.0,
            "iscrowd": 0,
            "category_id": 3,
            "bbox": [
                243.0,
                340.0,
                265.0,
                140.0
            ]
        },
        {
            "id": 63,
            "image_id": 60,
            "segmentation": [],
            "area": 0.0,
            "iscrowd": 0,
            "category_id": 1,
            "bbox": [
                433.0,
                202.0,
                265.0,
                150.0
            ]
        },
        {
            "id": 64,
            "image_id": 61,
            "segmentation": [],
            "area": 0.0,
            "iscrowd": 0,
            "category_id": 1,
            "bbox": [
                403.0,
                119.0,
                316.0,
                188.0
            ]
        },
        {
            "id": 65,
            "image_id": 61,
            "segmentation": [],
            "area": 0.0,
            "iscrowd": 0,
            "category_id": 2,
            "bbox": [
                102.0,
                290.0,
                507.0,
                305.0
            ]
        },
        {
            "id": 66,
            "image_id": 62,
            "segmentation": [],
            "area": 0.0,
            "iscrowd": 0,
            "category_id": 3,
            "bbox": [
                75.0,
                289.0,
                227.0,
                156.0
            ]
        },
        {
            "id": 67,
            "image_id": 62,
            "segmentation": [],
            "area": 0.0,
            "iscrowd": 0,
            "category_id": 2,
            "bbox": [
                340.0,
                179.0,
                288.0,
                264.0
            ]
        },
        {
            "id": 68,
            "image_id": 63,
            "segmentation": [],
            "area": 0.0,
            "iscrowd": 0,
            "category_id": 0,
            "bbox": [
                158.0,
                224.0,
                260.0,
                97.0
            ]
        },
        {
            "id": 69,
            "image_id": 63,
            "segmentation": [],
            "area": 0.0,
            "iscrowd": 0,
            "category_id": 1,
            "bbox": [
                488.0,
                266.0,
                214.0,
                168.0
            ]
        },
        {
            "id": 70,
            "image_id": 64,
            "segmentation": [],
            "area": 0.0,
            "iscrowd": 0,
            "category_id": 0,
            "bbox": [
                175.0,
                301.0,
                176.0,
                158.0
            ]
        },
        {
            "id": 71,
            "image_id": 64,
            "segmentation": [],
            "area": 0.0,
            "iscrowd": 0,
            "category_id": 2,
            "bbox": [
                383.0,
                213.0,
                387.0,
                327.0
            ]
        },
        {
            "id": 72,
            "image_id": 65,
            "segmentation": [],
            "area": 0.0,
            "iscrowd": 0,
            "category_id": 3,
            "bbox": [
                287.0,
                304.0,
                172.0,
                95.0
            ]
        },
        {
            "id": 73,
            "image_id": 65,
            "segmentation": [],
            "area": 0.0,
            "iscrowd": 0,
            "category_id": 1,
            "bbox": [
                384.0,
                390.0,
                157.0,
                103.0
            ]
        },
        {
            "id": 74,
            "image_id": 66,
            "segmentation": [],
            "area": 0.0,
            "iscrowd": 0,
            "category_id": 1,
            "bbox": [
                317.0,
                225.0,
                160.0,
                149.0
            ]
        },
        {
            "id": 75,
            "image_id": 66,
            "segmentation": [],
            "area": 0.0,
            "iscrowd": 0,
            "category_id": 2,
            "bbox": [
                352.0,
                314.0,
                420.0,
                249.0
            ]
        },
        {
            "id": 76,
            "image_id": 67,
            "segmentation": [],
            "area": 0.0,
            "iscrowd": 0,
            "category_id": 0,
            "bbox": [
                275.0,
                216.0,
                177.0,
                93.0
            ]
        },
        {
            "id": 77,
            "image_id": 67,
            "segmentation": [],
            "area": 0.0,
            "iscrowd": 0,
            "category_id": 1,
            "bbox": [
                395.0,
                383.0,
                207.0,
                114.0
            ]
        },
        {
            "id": 78,
            "image_id": 68,
            "segmentation": [],
            "area": 0.0,
            "iscrowd": 0,
            "category_id": 1,
            "bbox": [
                378.0,
                161.0,
                141.0,
                124.0
            ]
        },
        {
            "id": 79,
            "image_id": 68,
            "segmentation": [],
            "area": 0.0,
            "iscrowd": 0,
            "category_id": 2,
            "bbox": [
                370.0,
                259.0,
                323.0,
                167.0
            ]
        },
        {
            "id": 80,
            "image_id": 68,
            "segmentation": [],
            "area": 0.0,
            "iscrowd": 0,
            "category_id": 3,
            "bbox": [
                267.0,
                433.0,
                182.0,
                98.0
            ]
        },
        {
            "id": 81,
            "image_id": 69,
            "segmentation": [],
            "area": 0.0,
            "iscrowd": 0,
            "category_id": 3,
            "bbox": [
                333.0,
                268.0,
                219.0,
                124.0
            ]
        },
        {
            "id": 82,
            "image_id": 69,
            "segmentation": [],
            "area": 0.0,
            "iscrowd": 0,
            "category_id": 1,
            "bbox": [
                274.0,
                405.0,
                274.0,
                153.0
            ]
        },
        {
            "id": 83,
            "image_id": 70,
            "segmentation": [],
            "area": 0.0,
            "iscrowd": 0,
            "category_id": 1,
            "bbox": [
                37.0,
                329.0,
                250.0,
                160.0
            ]
        },
        {
            "id": 84,
            "image_id": 70,
            "segmentation": [],
            "area": 0.0,
            "iscrowd": 0,
            "category_id": 2,
            "bbox": [
                251.0,
                326.0,
                390.0,
                258.0
            ]
        },
        {
            "id": 85,
            "image_id": 70,
            "segmentation": [],
            "area": 0.0,
            "iscrowd": 0,
            "category_id": 0,
            "bbox": [
                635.0,
                263.0,
                108.0,
                116.0
            ]
        },
        {
            "id": 86,
            "image_id": 71,
            "segmentation": [],
            "area": 0.0,
            "iscrowd": 0,
            "category_id": 1,
            "bbox": [
                201.0,
                279.0,
                196.0,
                135.0
            ]
        },
        {
            "id": 87,
            "image_id": 71,
            "segmentation": [],
            "area": 0.0,
            "iscrowd": 0,
            "category_id": 1,
            "bbox": [
                412.0,
                261.0,
                207.0,
                161.0
            ]
        },
        {
            "id": 88,
            "image_id": 72,
            "segmentation": [],
            "area": 0.0,
            "iscrowd": 0,
            "category_id": 2,
            "bbox": [
                205.0,
                56.0,
                544.0,
                492.0
            ]
        },
        {
            "id": 89,
            "image_id": 73,
            "segmentation": [],
            "area": 0.0,
            "iscrowd": 0,
            "category_id": 3,
            "bbox": [
                186.0,
                187.0,
                524.0,
                291.0
            ]
        },
        {
            "id": 90,
            "image_id": 74,
            "segmentation": [],
            "area": 0.0,
            "iscrowd": 0,
            "category_id": 1,
            "bbox": [
                200.0,
                139.0,
                383.0,
                364.0
            ]
        },
        {
            "id": 91,
            "image_id": 75,
            "segmentation": [],
            "area": 0.0,
            "iscrowd": 0,
            "category_id": 0,
            "bbox": [
                254.0,
                116.0,
                383.0,
                316.0
            ]
        },
        {
            "id": 92,
            "image_id": 76,
            "segmentation": [],
            "area": 0.0,
            "iscrowd": 0,
            "category_id": 2,
            "bbox": [
                3.0,
                59.0,
                772.0,
                375.0
            ]
        },
        {
            "id": 93,
            "image_id": 77,
            "segmentation": [],
            "area": 0.0,
            "iscrowd": 0,
            "category_id": 2,
            "bbox": [
                53.0,
                68.0,
                651.0,
                295.0
            ]
        },
        {
            "id": 94,
            "image_id": 78,
            "segmentation": [],
            "area": 0.0,
            "iscrowd": 0,
            "category_id": 3,
            "bbox": [
                82.0,
                103.0,
                595.0,
                250.0
            ]
        },
        {
            "id": 95,
            "image_id": 79,
            "segmentation": [],
            "area": 0.0,
            "iscrowd": 0,
            "category_id": 3,
            "bbox": [
                215.0,
                118.0,
                489.0,
                257.0
            ]
        },
        {
            "id": 96,
            "image_id": 80,
            "segmentation": [],
            "area": 0.0,
            "iscrowd": 0,
            "category_id": 0,
            "bbox": [
                279.0,
                130.0,
                459.0,
                215.0
            ]
        },
        {
            "id": 97,
            "image_id": 81,
            "segmentation": [],
            "area": 0.0,
            "iscrowd": 0,
            "category_id": 0,
            "bbox": [
                211.0,
                119.0,
                463.0,
                222.0
            ]
        },
        {
            "id": 98,
            "image_id": 82,
            "segmentation": [],
            "area": 0.0,
            "iscrowd": 0,
            "category_id": 1,
            "bbox": [
                169.0,
                126.0,
                589.0,
                224.0
            ]
        },
        {
            "id": 99,
            "image_id": 83,
            "segmentation": [],
            "area": 0.0,
            "iscrowd": 0,
            "category_id": 1,
            "bbox": [
                255.0,
                97.0,
                440.0,
                191.0
            ]
        },
        {
            "id": 100,
            "image_id": 84,
            "segmentation": [],
            "area": 0.0,
            "iscrowd": 0,
            "category_id": 2,
            "bbox": [
                103.0,
                63.0,
                291.0,
                401.0
            ]
        },
        {
            "id": 101,
            "image_id": 84,
            "segmentation": [],
            "area": 0.0,
            "iscrowd": 0,
            "category_id": 1,
            "bbox": [
                430.0,
                135.0,
                290.0,
                232.0
            ]
        },
        {
            "id": 102,
            "image_id": 85,
            "segmentation": [],
            "area": 0.0,
            "iscrowd": 0,
            "category_id": 3,
            "bbox": [
                62.0,
                163.0,
                290.0,
                230.0
            ]
        },
        {
            "id": 103,
            "image_id": 85,
            "segmentation": [],
            "area": 0.0,
            "iscrowd": 0,
            "category_id": 0,
            "bbox": [
                551.0,
                198.0,
                160.0,
                255.0
            ]
        },
        {
            "id": 104,
            "image_id": 86,
            "segmentation": [],
            "area": 0.0,
            "iscrowd": 0,
            "category_id": 2,
            "bbox": [
                4.0,
                29.0,
                445.0,
                438.0
            ]
        },
        {
            "id": 105,
            "image_id": 86,
            "segmentation": [],
            "area": 0.0,
            "iscrowd": 0,
            "category_id": 1,
            "bbox": [
                358.0,
                336.0,
                298.0,
                201.0
            ]
        },
        {
            "id": 106,
            "image_id": 86,
            "segmentation": [],
            "area": 0.0,
            "iscrowd": 0,
            "category_id": 3,
            "bbox": [
                519.0,
                21.0,
                232.0,
                226.0
            ]
        },
        {
            "id": 107,
            "image_id": 87,
            "segmentation": [],
            "area": 0.0,
            "iscrowd": 0,
            "category_id": 3,
            "bbox": [
                163.0,
                31.0,
                263.0,
                206.0
            ]
        },
        {
            "id": 108,
            "image_id": 87,
            "segmentation": [],
            "area": 0.0,
            "iscrowd": 0,
            "category_id": 0,
            "bbox": [
                578.0,
                80.0,
                149.0,
                217.0
            ]
        },
        {
            "id": 109,
            "image_id": 87,
            "segmentation": [],
            "area": 0.0,
            "iscrowd": 0,
            "category_id": 1,
            "bbox": [
                70.0,
                389.0,
                317.0,
                182.0
            ]
        },
        {
            "id": 110,
            "image_id": 88,
            "segmentation": [],
            "area": 0.0,
            "iscrowd": 0,
            "category_id": 1,
            "bbox": [
                193.0,
                9.0,
                323.0,
                452.0
            ]
        },
        {
            "id": 111,
            "image_id": 89,
            "segmentation": [],
            "area": 0.0,
            "iscrowd": 0,
            "category_id": 2,
            "bbox": [
                181.0,
                139.0,
                423.0,
                460.0
            ]
        },
        {
            "id": 112,
            "image_id": 90,
            "segmentation": [],
            "area": 0.0,
            "iscrowd": 0,
            "category_id": 3,
            "bbox": [
                241.0,
                1.0,
                302.0,
                363.0
            ]
        },
        {
            "id": 113,
            "image_id": 91,
            "segmentation": [],
            "area": 0.0,
            "iscrowd": 0,
            "category_id": 0,
            "bbox": [
                374.0,
                1.0,
                155.0,
                262.0
            ]
        },
        {
            "id": 114,
            "image_id": 92,
            "segmentation": [],
            "area": 0.0,
            "iscrowd": 0,
            "category_id": 0,
            "bbox": [
                316.0,
                127.0,
                326.0,
                242.0
            ]
        },
        {
            "id": 115,
            "image_id": 93,
            "segmentation": [],
            "area": 0.0,
            "iscrowd": 0,
            "category_id": 0,
            "bbox": [
                356.0,
                225.0,
                158.0,
                131.0
            ]
        },
        {
            "id": 116,
            "image_id": 94,
            "segmentation": [],
            "area": 0.0,
            "iscrowd": 0,
            "category_id": 3,
            "bbox": [
                319.0,
                192.0,
                303.0,
                209.0
            ]
        },
        {
            "id": 117,
            "image_id": 95,
            "segmentation": [],
            "area": 0.0,
            "iscrowd": 0,
            "category_id": 3,
            "bbox": [
                324.0,
                222.0,
                160.0,
                115.0
            ]
        },
        {
            "id": 118,
            "image_id": 96,
            "segmentation": [],
            "area": 0.0,
            "iscrowd": 0,
            "category_id": 2,
            "bbox": [
                211.0,
                146.0,
                495.0,
                362.0
            ]
        },
        {
            "id": 119,
            "image_id": 97,
            "segmentation": [],
            "area": 0.0,
            "iscrowd": 0,
            "category_id": 2,
            "bbox": [
                261.0,
                301.0,
                284.0,
                189.0
            ]
        },
        {
            "id": 120,
            "image_id": 98,
            "segmentation": [],
            "area": 0.0,
            "iscrowd": 0,
            "category_id": 1,
            "bbox": [
                337.0,
                240.0,
                359.0,
                208.0
            ]
        },
        {
            "id": 121,
            "image_id": 99,
            "segmentation": [],
            "area": 0.0,
            "iscrowd": 0,
            "category_id": 1,
            "bbox": [
                379.0,
                116.0,
                256.0,
                183.0
            ]
        },
        {
            "id": 122,
            "image_id": 100,
            "segmentation": [],
            "area": 0.0,
            "iscrowd": 0,
            "category_id": 1,
            "bbox": [
                295.0,
                196.0,
                406.0,
                188.0
            ]
        },
        {
            "id": 123,
            "image_id": 101,
            "segmentation": [],
            "area": 0.0,
            "iscrowd": 0,
            "category_id": 1,
            "bbox": [
                331.0,
                197.0,
                437.0,
                185.0
            ]
        },
        {
            "id": 124,
            "image_id": 102,
            "segmentation": [],
            "area": 0.0,
            "iscrowd": 0,
            "category_id": 2,
            "bbox": [
                237.0,
                168.0,
                467.0,
                235.0
            ]
        },
        {
            "id": 125,
            "image_id": 103,
            "segmentation": [],
            "area": 0.0,
            "iscrowd": 0,
            "category_id": 2,
            "bbox": [
                74.0,
                118.0,
                711.0,
                373.0
            ]
        },
        {
            "id": 126,
            "image_id": 104,
            "segmentation": [],
            "area": 0.0,
            "iscrowd": 0,
            "category_id": 3,
            "bbox": [
                196.0,
                133.0,
                408.0,
                192.0
            ]
        },
        {
            "id": 127,
            "image_id": 105,
            "segmentation": [],
            "area": 0.0,
            "iscrowd": 0,
            "category_id": 3,
            "bbox": [
                210.0,
                195.0,
                413.0,
                339.0
            ]
        },
        {
            "id": 128,
            "image_id": 106,
            "segmentation": [],
            "area": 0.0,
            "iscrowd": 0,
            "category_id": 0,
            "bbox": [
                274.0,
                146.0,
                330.0,
                194.0
            ]
        },
        {
            "id": 129,
            "image_id": 107,
            "segmentation": [],
            "area": 0.0,
            "iscrowd": 0,
            "category_id": 0,
            "bbox": [
                337.0,
                175.0,
                240.0,
                252.0
            ]
        },
        {
            "id": 130,
            "image_id": 108,
            "segmentation": [],
            "area": 0.0,
            "iscrowd": 0,
            "category_id": 1,
            "bbox": [
                374.0,
                45.0,
                172.0,
                301.0
            ]
        },
        {
            "id": 131,
            "image_id": 109,
            "segmentation": [],
            "area": 0.0,
            "iscrowd": 0,
            "category_id": 2,
            "bbox": [
                206.0,
                74.0,
                495.0,
                378.0
            ]
        },
        {
            "id": 132,
            "image_id": 110,
            "segmentation": [],
            "area": 0.0,
            "iscrowd": 0,
            "category_id": 3,
            "bbox": [
                250.0,
                202.0,
                322.0,
                218.0
            ]
        },
        {
            "id": 133,
            "image_id": 111,
            "segmentation": [],
            "area": 0.0,
            "iscrowd": 0,
            "category_id": 0,
            "bbox": [
                294.0,
                179.0,
                293.0,
                180.0
            ]
        },
        {
            "id": 134,
            "image_id": 112,
            "segmentation": [],
            "area": 0.0,
            "iscrowd": 0,
            "category_id": 0,
            "bbox": [
                259.0,
                298.0,
                162.0,
                78.0
            ]
        },
        {
            "id": 135,
            "image_id": 113,
            "segmentation": [],
            "area": 0.0,
            "iscrowd": 0,
            "category_id": 3,
            "bbox": [
                334.0,
                216.0,
                179.0,
                102.0
            ]
        },
        {
            "id": 136,
            "image_id": 114,
            "segmentation": [],
            "area": 0.0,
            "iscrowd": 0,
            "category_id": 2,
            "bbox": [
                280.0,
                232.0,
                310.0,
                203.0
            ]
        },
        {
            "id": 137,
            "image_id": 115,
            "segmentation": [],
            "area": 0.0,
            "iscrowd": 0,
            "category_id": 1,
            "bbox": [
                328.0,
                135.0,
                195.0,
                246.0
            ]
        },
        {
            "id": 138,
            "image_id": 116,
            "segmentation": [],
            "area": 0.0,
            "iscrowd": 0,
            "category_id": 1,
            "bbox": [
                317.0,
                184.0,
                314.0,
                219.0
            ]
        },
        {
            "id": 139,
            "image_id": 117,
            "segmentation": [],
            "area": 0.0,
            "iscrowd": 0,
            "category_id": 2,
            "bbox": [
                248.0,
                171.0,
                422.0,
                299.0
            ]
        },
        {
            "id": 140,
            "image_id": 118,
            "segmentation": [],
            "area": 0.0,
            "iscrowd": 0,
            "category_id": 3,
            "bbox": [
                349.0,
                73.0,
                202.0,
                194.0
            ]
        },
        {
            "id": 141,
            "image_id": 119,
            "segmentation": [],
            "area": 0.0,
            "iscrowd": 0,
            "category_id": 0,
            "bbox": [
                288.0,
                221.0,
                207.0,
                96.0
            ]
        },
        {
            "id": 142,
            "image_id": 120,
            "segmentation": [],
            "area": 0.0,
            "iscrowd": 0,
            "category_id": 0,
            "bbox": [
                352.0,
                329.0,
                121.0,
                87.0
            ]
        },
        {
            "id": 143,
            "image_id": 121,
            "segmentation": [],
            "area": 0.0,
            "iscrowd": 0,
            "category_id": 3,
            "bbox": [
                463.0,
                188.0,
                112.0,
                149.0
            ]
        },
        {
            "id": 144,
            "image_id": 122,
            "segmentation": [],
            "area": 0.0,
            "iscrowd": 0,
            "category_id": 2,
            "bbox": [
                322.0,
                280.0,
                296.0,
                189.0
            ]
        },
        {
            "id": 145,
            "image_id": 123,
            "segmentation": [],
            "area": 0.0,
            "iscrowd": 0,
            "category_id": 2,
            "bbox": [
                334.0,
                95.0,
                267.0,
                181.0
            ]
        },
        {
            "id": 146,
            "image_id": 124,
            "segmentation": [],
            "area": 0.0,
            "iscrowd": 0,
            "category_id": 3,
            "bbox": [
                158.0,
                247.0,
                170.0,
                183.0
            ]
        },
        {
            "id": 147,
            "image_id": 124,
            "segmentation": [],
            "area": 0.0,
            "iscrowd": 0,
            "category_id": 0,
            "bbox": [
                569.0,
                121.0,
                122.0,
                146.0
            ]
        },
        {
            "id": 148,
            "image_id": 125,
            "segmentation": [],
            "area": 0.0,
            "iscrowd": 0,
            "category_id": 2,
            "bbox": [
                249.0,
                432.0,
                200.0,
                139.0
            ]
        },
        {
            "id": 149,
            "image_id": 125,
            "segmentation": [],
            "area": 0.0,
            "iscrowd": 0,
            "category_id": 3,
            "bbox": [
                325.0,
                96.0,
                102.0,
                101.0
            ]
        },
        {
            "id": 150,
            "image_id": 125,
            "segmentation": [],
            "area": 0.0,
            "iscrowd": 0,
            "category_id": 0,
            "bbox": [
                561.0,
                19.0,
                79.0,
                89.0
            ]
        },
        {
            "id": 151,
            "image_id": 126,
            "segmentation": [],
            "area": 0.0,
            "iscrowd": 0,
            "category_id": 1,
            "bbox": [
                272.0,
                491.0,
                117.0,
                98.0
            ]
        },
        {
            "id": 152,
            "image_id": 126,
            "segmentation": [],
            "area": 0.0,
            "iscrowd": 0,
            "category_id": 2,
            "bbox": [
                304.0,
                308.0,
                164.0,
                107.0
            ]
        },
        {
            "id": 153,
            "image_id": 126,
            "segmentation": [],
            "area": 0.0,
            "iscrowd": 0,
            "category_id": 3,
            "bbox": [
                405.0,
                55.0,
                80.0,
                86.0
            ]
        },
        {
            "id": 154,
            "image_id": 126,
            "segmentation": [],
            "area": 0.0,
            "iscrowd": 0,
            "category_id": 0,
            "bbox": [
                606.0,
                24.0,
                52.0,
                75.0
            ]
        },
        {
            "id": 155,
            "image_id": 127,
            "segmentation": [],
            "area": 0.0,
            "iscrowd": 0,
            "category_id": 0,
            "bbox": [
                228.0,
                328.0,
                339.0,
                136.0
            ]
        },
        {
            "id": 156,
            "image_id": 128,
            "segmentation": [],
            "area": 0.0,
            "iscrowd": 0,
            "category_id": 3,
            "bbox": [
                256.0,
                209.0,
                356.0,
                210.0
            ]
        },
        {
            "id": 157,
            "image_id": 129,
            "segmentation": [],
            "area": 0.0,
            "iscrowd": 0,
            "category_id": 1,
            "bbox": [
                240.0,
                255.0,
                290.0,
                163.0
            ]
        },
        {
            "id": 158,
            "image_id": 130,
            "segmentation": [],
            "area": 0.0,
            "iscrowd": 0,
            "category_id": 0,
            "bbox": [
                306.0,
                300.0,
                151.0,
                164.0
            ]
        },
        {
            "id": 159,
            "image_id": 131,
            "segmentation": [],
            "area": 0.0,
            "iscrowd": 0,
            "category_id": 1,
            "bbox": [
                156.0,
                226.0,
                297.0,
                190.0
            ]
        },
        {
            "id": 160,
            "image_id": 132,
            "segmentation": [],
            "area": 0.0,
            "iscrowd": 0,
            "category_id": 2,
            "bbox": [
                288.0,
                220.0,
                408.0,
                339.0
            ]
        },
        {
            "id": 161,
            "image_id": 133,
            "segmentation": [],
            "area": 0.0,
            "iscrowd": 0,
            "category_id": 3,
            "bbox": [
                360.0,
                298.0,
                202.0,
                176.0
            ]
        }
    ],
    "categories": [
        {
            "id": 0,
            "name": "Arduino_Nano",
            "supercategory": "none"
        },
        {
            "id": 1,
            "name": "ESP8266",
            "supercategory": "none"
        },
        {
            "id": 2,
            "name": "Raspberry_Pi_3",
            "supercategory": "none"
        },
        {
            "id": 3,
            "name": "Heltec_ESP32_Lora",
            "supercategory": "none"
        }
    ]
}